"_system_object_id";"_id";"T_Chronologie";"T_ChronologieDatMin";"T_ChronologieDatMax";"T_ChronologieTimespanFrom";"T_ChronologieTimespanTo";"easydb|row_idx";"easydb|operation";"easydb|status";"easydb|timestamp";"easydb|status_text";"easydb|warning_text";"easydb|id";"easydb|version";"easydb|id_parent";"easydb|depth";"easydb|path";"easydb|act|act__generic_actors";"easydb|act_role|act_role__all_fields";"easydb|generic_lang|generic_lang__all_fields";"easydb|generic_nametype|generic_nametype__all_fields";"easydb|bi|bi__all_fields";"easydb|ac|ac__all_fields";"easydb|pl|pl__all_fields";"easydb|generic_uncertainty|generic_uncert__all_fields";"easydb|generic_identifier_type|generic_identifier_type__all_fields";"easydb|hierarchy-oeu|oeu__all_fields_isler_v3";"easydb|generic_dimensions|generic_dimensions__all_fields";"easydb|generic_materials|art_materials__all_fields";"easydb|typology_shell|oeu_shell__all_fields";"easydb|oeu_nc_type|oeu_type__all_fields";"easydb|do|do__generic_import"
"111642";"16998";"Vorprojekt 1984";"01.01.1984";"31.12.1984";"1984";"1984";"0";"[""update""]";"done";"2023-03-28 14:42:20";"";"";"16998";"14";"22594";"";"";"";"";"";"";"";"";"";"";"";"";"";"";"";"";""
"111643";"16999";"Anfrage 1982";"01.01.1982";"31.12.1982";"1982";"1982";"1";"[""update""]";"done";"2023-03-28 14:42:20";"";"";"16999";"10";"16949";"";"";"";"";"";"";"";"";"";"";"";"";"";"";"";"";""
"111646";"17002";"Vorprojekt 1967";"01.01.1967";"31.12.1967";"1967";"1967";"2";"[""update""]";"done";"2023-03-28 14:42:20";"";"";"17002";"9";"16952";"";"";"";"";"";"";"";"";"";"";"";"";"";"";"";"";""
"111648";"17004";"Acquisition 1972";"01.01.1972";"31.12.1972";"1972";"1972";"3";"[""update""]";"done";"2023-03-28 14:42:20";"";"";"17004";"11";"16954";"";"";"";"";"";"";"";"";"";"";"";"";"";"";"";"";""
"111649";"17005";"Vorprojekt 1964";"01.01.1964";"31.12.1964";"1964";"1964";"4";"[""update""]";"done";"2023-03-28 14:42:20";"";"";"17005";"12";"16955";"";"";"";"";"";"";"";"";"";"";"";"";"";"";"";"";""
"111650";"17006";"Vorprojekt 2000";"01.01.2000";"31.12.2000";"2000";"2000";"5";"[""update""]";"done";"2023-03-28 14:42:20";"";"";"17006";"11";"16956";"";"";"";"";"";"";"";"";"";"";"";"";"";"";"";"";""
"111651";"17007";"Anfrage 1968";"01.01.1968";"31.12.1968";"1968";"1968";"6";"[""update""]";"done";"2023-03-28 14:42:20";"";"";"17007";"10";"16957";"";"";"";"";"";"";"";"";"";"";"";"";"";"";"";"";""
"111654";"17010";"Kontakt 1989, Projekt Nachisolierung 1996";"01.01.1989";"31.12.1996";"1989";"1996";"7";"[""update""]";"done";"2023-03-28 14:42:20";"";"";"17010";"14";"17974";"";"";"";"";"";"";"";"";"";"";"";"";"";"";"";"";""
"111655";"17011";"Vorprojekt 1963";"01.01.1963";"31.12.1963";"1963";"1963";"8";"[""update""]";"done";"2023-03-28 14:42:20";"";"";"17011";"11";"16961";"";"";"";"";"";"";"";"";"";"";"";"";"";"";"";"";""
"111656";"17012";"Vorprojekt 1956";"01.01.1956";"31.12.1956";"1956";"1956";"9";"[""update""]";"done";"2023-03-28 14:42:20";"";"";"17012";"14";"16962";"";"";"";"";"";"";"";"";"";"";"";"";"";"";"";"";""
"111661";"17017";"Vorprojekt 1968";"01.01.1968";"31.12.1968";"1968";"1968";"10";"[""update""]";"done";"2023-03-28 14:42:20";"";"";"17017";"14";"20291";"";"";"";"";"";"";"";"";"";"";"";"";"";"";"";"";""
"111662";"17018";"Vorprojekt 1962";"01.01.1962";"31.12.1962";"1962";"1962";"11";"[""update""]";"done";"2023-03-28 14:42:20";"";"";"17018";"11";"16968";"";"";"";"";"";"";"";"";"";"";"";"";"";"";"";"";""
"111664";"17020";"Vorprojekt 1971";"01.01.1971";"31.12.1971";"1971";"1971";"12";"[""update""]";"done";"2023-03-28 14:42:20";"";"";"17020";"12";"16970";"";"";"";"";"";"";"";"";"";"";"";"";"";"";"";"";""
"111665";"17021";"Vorprojekt 1981";"01.01.1981";"31.12.1981";"1981";"1981";"13";"[""update""]";"done";"2023-03-28 14:42:20";"";"";"17021";"12";"16971";"";"";"";"";"";"";"";"";"";"";"";"";"";"";"";"";""
"111666";"17022";"Vorprojekt 1962";"01.01.1962";"31.12.1962";"1962";"1962";"14";"[""update""]";"done";"2023-03-28 14:42:20";"";"";"17022";"14";"16972";"";"";"";"";"";"";"";"";"";"";"";"";"";"";"";"";""
"111667";"17023";"Projekt 1958";"01.01.1958";"31.12.1958";"1958";"1958";"15";"[""update""]";"done";"2023-03-28 14:42:20";"";"";"17023";"16";"21288";"";"";"";"";"";"";"";"";"";"";"";"";"";"";"";"";""
"111668";"17024";"Vorprojekt 2001/2002";"01.01.2001";"31.12.2002";"2001";"2002";"16";"[""update""]";"done";"2023-03-28 14:42:20";"";"";"17024";"11";"16974";"";"";"";"";"";"";"";"";"";"";"";"";"";"";"";"";""
"111671";"17027";"Vorprojekt 1996, Offerte Bösiger 1997";"01.01.1996";"31.12.1997";"1996";"1997";"17";"[""update""]";"done";"2023-03-28 14:42:20";"";"";"17027";"11";"16977";"";"";"";"";"";"";"";"";"";"";"";"";"";"";"";"";""
"111672";"17028";"Projekt 1970";"01.01.1970";"31.12.1970";"1970";"1970";"18";"[""update""]";"done";"2023-03-28 14:42:20";"";"";"17028";"13";"20696";"";"";"";"";"";"";"";"";"";"";"";"";"";"";"";"";""
"111673";"17029";"Vorprojekt 1969";"01.01.1969";"31.12.1969";"1969";"1969";"19";"[""update""]";"done";"2023-03-28 14:42:20";"";"";"17029";"11";"16979";"";"";"";"";"";"";"";"";"";"";"";"";"";"";"";"";""
"111674";"17030";"Vorprojekt 1964";"01.01.1964";"31.12.1964";"1964";"1964";"20";"[""update""]";"done";"2023-03-28 14:42:20";"";"";"17030";"11";"16980";"";"";"";"";"";"";"";"";"";"";"";"";"";"";"";"";""
"111675";"17031";"Vorprojekt 1977";"01.01.1977";"31.12.1977";"1977";"1977";"21";"[""update""]";"done";"2023-03-28 14:42:20";"";"";"17031";"10";"16981";"";"";"";"";"";"";"";"";"";"";"";"";"";"";"";"";""
"111677";"17033";"Anfrage 1964";"01.01.1964";"31.12.1964";"1964";"1964";"22";"[""update""]";"done";"2023-03-28 14:42:20";"";"";"17033";"10";"16983";"";"";"";"";"";"";"";"";"";"";"";"";"";"";"";"";""
"111679";"17035";"Vorprojekt 1964";"01.01.1964";"31.12.1964";"1964";"1964";"23";"[""update""]";"done";"2023-03-28 14:42:20";"";"";"17035";"10";"16985";"";"";"";"";"";"";"";"";"";"";"";"";"";"";"";"";""
"111682";"17038";"Vorprojekt 1966/1967";"01.01.1966";"31.12.1967";"1966";"1967";"24";"[""update""]";"done";"2023-03-28 14:42:20";"";"";"17038";"10";"16988";"";"";"";"";"";"";"";"";"";"";"";"";"";"";"";"";""
"111683";"17039";"Projekt 1999";"01.01.1999";"31.12.1999";"1999";"1999";"25";"[""update""]";"done";"2023-03-28 14:42:20";"";"";"17039";"15";"20997";"";"";"";"";"";"";"";"";"";"";"";"";"";"";"";"";""
"111685";"17041";"Vorprojekt 1964/1965";"01.01.1964";"31.12.1965";"1964";"1965";"26";"[""update""]";"done";"2023-03-28 14:42:20";"";"";"17041";"14";"19955";"";"";"";"";"";"";"";"";"";"";"";"";"";"";"";"";""
"111687";"17043";"Datiert 1960/1967";"01.01.1960";"31.12.1967";"1960";"1967";"27";"[""update""]";"done";"2023-03-28 14:42:20";"";"";"17043";"11";"16993";"";"";"";"";"";"";"";"";"";"";"";"";"";"";"";"";""
"111688";"17044";"Vorprojekt 11.1966";"01.11.1966";"30.11.1966";"1966-11-01";"1966-11-30";"28";"[""update""]";"done";"2023-03-28 14:42:20";"";"";"17044";"14";"16994";"";"";"";"";"";"";"";"";"";"";"";"";"";"";"";"";""
"111690";"17046";"Vorprojekt 1985/1987";"01.01.1985";"31.12.1987";"1985";"1987";"29";"[""update""]";"done";"2023-03-28 14:42:20";"";"";"17046";"11";"16996";"";"";"";"";"";"";"";"";"";"";"";"";"";"";"";"";""
"111742";"17098";"Vorprojekt 1984";"01.01.1984";"31.12.1984";"1984";"1984";"30";"[""update""]";"done";"2023-03-28 14:42:20";"";"";"17098";"11";"17048";"";"";"";"";"";"";"";"";"";"";"";"";"";"";"";"";""
"111743";"17099";"Vorprojekt 1966/1967";"01.01.1966";"31.12.1967";"1966";"1967";"31";"[""update""]";"done";"2023-03-28 14:42:20";"";"";"17099";"13";"17049";"";"";"";"";"";"";"";"";"";"";"";"";"";"";"";"";""
"111745";"17101";"Vorprojekt 1964";"01.01.1964";"31.12.1964";"1964";"1964";"32";"[""update""]";"done";"2023-03-28 14:42:20";"";"";"17101";"13";"17051";"";"";"";"";"";"";"";"";"";"";"";"";"";"";"";"";""
"111747";"17103";"Vorprojekt 1990/1992";"01.01.1990";"31.12.1992";"1990";"1992";"33";"[""update""]";"done";"2023-03-28 14:42:20";"";"";"17103";"13";"17053";"";"";"";"";"";"";"";"";"";"";"";"";"";"";"";"";""
"111748";"17104";"Vorprojekt 1977";"01.01.1977";"31.12.1977";"1977";"1977";"34";"[""update""]";"done";"2023-03-28 14:42:20";"";"";"17104";"13";"17054";"";"";"";"";"";"";"";"";"";"";"";"";"";"";"";"";""
"111749";"17105";"Vorprojekt 1967";"01.01.1967";"31.12.1967";"1967";"1967";"35";"[""update""]";"done";"2023-03-28 14:42:20";"";"";"17105";"10";"17055";"";"";"";"";"";"";"";"";"";"";"";"";"";"";"";"";""
"111750";"17106";"Anfrage 1969";"01.01.1969";"31.12.1969";"1969";"1969";"36";"[""update""]";"done";"2023-03-28 14:42:20";"";"";"17106";"9";"17056";"";"";"";"";"";"";"";"";"";"";"";"";"";"";"";"";""
"111752";"17108";"Anfrage 1967";"01.01.1967";"31.12.1967";"1967";"1967";"37";"[""update""]";"done";"2023-03-28 14:42:20";"";"";"17108";"10";"17058";"";"";"";"";"";"";"";"";"";"";"";"";"";"";"";"";""
"111753";"17109";"Vorprojekt 1961";"01.01.1961";"31.12.1961";"1961";"1961";"38";"[""update""]";"done";"2023-03-28 14:42:20";"";"";"17109";"11";"17059";"";"";"";"";"";"";"";"";"";"";"";"";"";"";"";"";""
"111755";"17111";"Anfrage 1969";"01.01.1969";"31.12.1969";"1969";"1969";"39";"[""update""]";"done";"2023-03-28 14:42:20";"";"";"17111";"10";"17061";"";"";"";"";"";"";"";"";"";"";"";"";"";"";"";"";""
"111756";"17112";"Akquisition 1972";"01.01.1972";"31.12.1972";"1972";"1972";"40";"[""update""]";"done";"2023-03-28 14:42:20";"";"";"17112";"11";"17062";"";"";"";"";"";"";"";"";"";"";"";"";"";"";"";"";""
"111757";"17113";"Projekt(e) 1977/1979";"01.01.1977";"31.12.1979";"1977";"1979";"41";"[""update""]";"done";"2023-03-28 14:42:20";"";"";"17113";"10";"17063";"";"";"";"";"";"";"";"";"";"";"";"";"";"";"";"";""
"111759";"17115";"Gutachten 1976";"01.01.1976";"31.12.1976";"1976";"1976";"42";"[""update""]";"done";"2023-03-28 14:42:20";"";"";"17115";"10";"17065";"";"";"";"";"";"";"";"";"";"";"";"";"";"";"";"";""
"111761";"17117";"Vorprojekt 1984";"01.01.1984";"31.12.1984";"1984";"1984";"43";"[""update""]";"done";"2023-03-28 14:42:20";"";"";"17117";"9";"17067";"";"";"";"";"";"";"";"";"";"";"";"";"";"";"";"";""
"111763";"17119";"Anfrage 1969";"01.01.1969";"31.12.1969";"1969";"1969";"44";"[""update""]";"done";"2023-03-28 14:42:20";"";"";"17119";"10";"17069";"";"";"";"";"";"";"";"";"";"";"";"";"";"";"";"";""
"111764";"17120";"Anfrage 1990";"01.01.1990";"31.12.1990";"1990";"1990";"45";"[""update""]";"done";"2023-03-28 14:42:20";"";"";"17120";"10";"17070";"";"";"";"";"";"";"";"";"";"";"";"";"";"";"";"";""
"111765";"17121";"Anfrage 1966";"01.01.1966";"31.12.1966";"1966";"1966";"46";"[""update""]";"done";"2023-03-28 14:42:20";"";"";"17121";"10";"17071";"";"";"";"";"";"";"";"";"";"";"";"";"";"";"";"";""
"111766";"17122";"Anfrage 1966";"01.01.1966";"31.12.1966";"1966";"1966";"47";"[""update""]";"done";"2023-03-28 14:42:20";"";"";"17122";"11";"17072";"";"";"";"";"";"";"";"";"";"";"";"";"";"";"";"";""
"111769";"17125";"Vorprojekt 1991";"01.01.1991";"31.12.1991";"1991";"1991";"48";"[""update""]";"done";"2023-03-28 14:42:20";"";"";"17125";"11";"17075";"";"";"";"";"";"";"";"";"";"";"";"";"";"";"";"";""
"111770";"17126";"Anfrage 1980";"01.01.1980";"31.12.1980";"1980";"1980";"49";"[""update""]";"done";"2023-03-28 14:42:20";"";"";"17126";"10";"17076";"";"";"";"";"";"";"";"";"";"";"";"";"";"";"";"";""
"111772";"17128";"Anfrage 1987/1982";"01.01.1987";"31.12.1982";"1987";"1982";"50";"[""update""]";"failed";"2023-03-28 14:42:20";"";"";"17128";"10";"17078";"";"";"";"";"";"";"";"";"";"";"";"";"";"";"";"";""
"111773";"17129";"Anfrage 1986";"01.01.1986";"31.12.1986";"1986";"1986";"51";"[""update""]";"done";"2023-03-28 14:43:40";"";"";"17129";"11";"17079";"";"";"";"";"";"";"";"";"";"";"";"";"";"";"";"";""
"111774";"17130";"Vorprojekt 1996";"01.01.1996";"31.12.1996";"1996";"1996";"52";"[""update""]";"done";"2023-03-28 14:43:40";"";"";"17130";"11";"17080";"";"";"";"";"";"";"";"";"";"";"";"";"";"";"";"";""
"111775";"17131";"Anfrage 1966";"01.01.1966";"31.12.1966";"1966";"1966";"53";"[""update""]";"done";"2023-03-28 14:43:40";"";"";"17131";"10";"17081";"";"";"";"";"";"";"";"";"";"";"";"";"";"";"";"";""
"111776";"17132";"Vorprojekt 1962";"01.01.1962";"31.12.1962";"1962";"1962";"54";"[""update""]";"done";"2023-03-28 14:43:40";"";"";"17132";"12";"17082";"";"";"";"";"";"";"";"";"";"";"";"";"";"";"";"";""
"111777";"17133";"Vorprojekt 1981/1982";"01.01.1981";"31.12.1982";"1981";"1982";"55";"[""update""]";"done";"2023-03-28 14:43:40";"";"";"17133";"14";"17083";"";"";"";"";"";"";"";"";"";"";"";"";"";"";"";"";""
"111779";"17135";"Vorprojekt 1990";"01.01.1990";"31.12.1990";"1990";"1990";"56";"[""update""]";"done";"2023-03-28 14:43:40";"";"";"17135";"11";"17085";"";"";"";"";"";"";"";"";"";"";"";"";"";"";"";"";""
"111780";"17136";"Vorprojekt 1997";"01.01.1997";"31.12.1997";"1997";"1997";"57";"[""update""]";"done";"2023-03-28 14:43:40";"";"";"17136";"11";"17086";"";"";"";"";"";"";"";"";"";"";"";"";"";"";"";"";""
"111781";"17137";"datiert 1980";"01.01.1980";"31.12.1980";"1980";"1980";"58";"[""update""]";"done";"2023-03-28 14:43:40";"";"";"17137";"10";"17087";"";"";"";"";"";"";"";"";"";"";"";"";"";"";"";"";""
"111782";"17138";"Studentenprojekt 1985";"01.01.1985";"31.12.1985";"1985";"1985";"59";"[""update""]";"done";"2023-03-28 14:43:40";"";"";"17138";"10";"17088";"";"";"";"";"";"";"";"";"";"";"";"";"";"";"";"";""
"111785";"17141";"Anfrage 1966";"01.01.1966";"31.12.1966";"1966";"1966";"60";"[""update""]";"done";"2023-03-28 14:43:40";"";"";"17141";"14";"17091";"";"";"";"";"";"";"";"";"";"";"";"";"";"";"";"";""
"111786";"17142";"Vorprojekt 1964";"01.01.1964";"31.12.1964";"1964";"1964";"61";"[""update""]";"done";"2023-03-28 14:43:40";"";"";"17142";"12";"17092";"";"";"";"";"";"";"";"";"";"";"";"";"";"";"";"";""
"111787";"17143";"Anfrage 1972";"01.01.1972";"31.12.1972";"1972";"1972";"62";"[""update""]";"done";"2023-03-28 14:43:40";"";"";"17143";"11";"17093";"";"";"";"";"";"";"";"";"";"";"";"";"";"";"";"";""
"111788";"17144";"Anfrage 1972";"01.01.1972";"31.12.1972";"1972";"1972";"63";"[""update""]";"done";"2023-03-28 14:43:40";"";"";"17144";"11";"17094";"";"";"";"";"";"";"";"";"";"";"";"";"";"";"";"";""
"111790";"17146";"Akquisition 1993";"01.01.1993";"31.12.1993";"1993";"1993";"64";"[""update""]";"done";"2023-03-28 14:43:40";"";"";"17146";"10";"17096";"";"";"";"";"";"";"";"";"";"";"";"";"";"";"";"";""
"111791";"17147";"Vorprojekte oder Wettbewerb 1999";"01.01.1999";"31.12.1999";"1999";"1999";"65";"[""update""]";"done";"2023-03-28 14:43:40";"";"";"17147";"16";"21262";"";"";"";"";"";"";"";"";"";"";"";"";"";"";"";"";""
"111843";"17199";"undatiert [1960/1970]";"01.01.1960";"31.12.1970";"1960";"1970";"66";"[""update""]";"done";"2023-03-28 14:43:40";"";"";"17199";"9";"17148";"";"";"";"";"";"";"";"";"";"";"";"";"";"";"";"";""
"111845";"17201";"datiert 14.7.1964";"14.07.1964";"14.07.1964";"1964-07-14";"1964-07-14";"67";"[""update""]";"done";"2023-03-28 14:43:40";"";"";"17201";"11";"17150";"";"";"";"";"";"";"";"";"";"";"";"";"";"";"";"";""
"111846";"17202";"Projekt 1986";"01.01.1986";"31.12.1986";"1986";"1986";"68";"[""update""]";"done";"2023-03-28 14:43:40";"";"";"17202";"13";"17151";"";"";"";"";"";"";"";"";"";"";"";"";"";"";"";"";""
"111847";"17203";"Anfrage 1993";"01.01.1993";"31.12.1993";"1993";"1993";"69";"[""update""]";"done";"2023-03-28 14:43:40";"";"";"17203";"11";"17152";"";"";"";"";"";"";"";"";"";"";"";"";"";"";"";"";""
"111848";"17204";"Vorprojekt 1965";"01.01.1965";"31.12.1965";"1965";"1965";"70";"[""update""]";"done";"2023-03-28 14:43:40";"";"";"17204";"10";"17153";"";"";"";"";"";"";"";"";"";"";"";"";"";"";"";"";""
"111851";"17207";"Anfrage 1971";"01.01.1971";"31.12.1971";"1971";"1971";"71";"[""update""]";"done";"2023-03-28 14:43:40";"";"";"17207";"10";"17156";"";"";"";"";"";"";"";"";"";"";"";"";"";"";"";"";""
"111852";"17208";"Anfrage 1972";"01.01.1972";"31.12.1972";"1972";"1972";"72";"[""update""]";"done";"2023-03-28 14:43:40";"";"";"17208";"13";"17157";"";"";"";"";"";"";"";"";"";"";"";"";"";"";"";"";""
"111854";"17210";"Vorprojekt 1994";"01.01.1994";"31.12.1994";"1994";"1994";"73";"[""update""]";"done";"2023-03-28 14:43:40";"";"";"17210";"10";"17159";"";"";"";"";"";"";"";"";"";"";"";"";"";"";"";"";""
"111855";"17211";"Anfrage 1979";"01.01.1979";"31.12.1979";"1979";"1979";"74";"[""update""]";"done";"2023-03-28 14:43:40";"";"";"17211";"10";"17160";"";"";"";"";"";"";"";"";"";"";"";"";"";"";"";"";""
"111858";"17214";"Vorprojekt 1978";"01.01.1978";"31.12.1978";"1978";"1978";"75";"[""update""]";"done";"2023-03-28 14:43:40";"";"";"17214";"11";"17163";"";"";"";"";"";"";"";"";"";"";"";"";"";"";"";"";""
"111859";"17215";"Vorschlag 1966";"01.01.1966";"31.12.1966";"1966";"1966";"76";"[""update""]";"done";"2023-03-28 14:43:40";"";"";"17215";"12";"17164";"";"";"";"";"";"";"";"";"";"";"";"";"";"";"";"";""
"111860";"17216";"Anfrage 1984";"01.01.1984";"31.12.1984";"1984";"1984";"77";"[""update""]";"done";"2023-03-28 14:43:40";"";"";"17216";"11";"17165";"";"";"";"";"";"";"";"";"";"";"";"";"";"";"";"";""
"111861";"17217";"Vorprojekt 1967";"01.01.1967";"31.12.1967";"1967";"1967";"78";"[""update""]";"done";"2023-03-28 14:43:40";"";"";"17217";"13";"17166";"";"";"";"";"";"";"";"";"";"";"";"";"";"";"";"";""
"111862";"17218";"Anfrage 1966";"01.01.1966";"31.12.1966";"1966";"1966";"79";"[""update""]";"done";"2023-03-28 14:43:40";"";"";"17218";"13";"17167";"";"";"";"";"";"";"";"";"";"";"";"";"";"";"";"";""
"111863";"17219";"Projekt 1970";"01.01.1970";"31.12.1970";"1970";"1970";"80";"[""update""]";"done";"2023-03-28 14:43:40";"";"";"17219";"13";"17168";"";"";"";"";"";"";"";"";"";"";"";"";"";"";"";"";""
"111864";"17220";"Anfrage 1993";"01.01.1993";"31.12.1993";"1993";"1993";"81";"[""update""]";"done";"2023-03-28 14:43:40";"";"";"17220";"10";"17169";"";"";"";"";"";"";"";"";"";"";"";"";"";"";"";"";""
"111865";"17221";"Vorprojekt 1995";"01.01.1995";"31.12.1995";"1995";"1995";"82";"[""update""]";"done";"2023-03-28 14:43:40";"";"";"17221";"10";"17170";"";"";"";"";"";"";"";"";"";"";"";"";"";"";"";"";""
"111866";"17222";"Vorprojekt 1970";"01.01.1970";"31.12.1970";"1970";"1970";"83";"[""update""]";"done";"2023-03-28 14:43:40";"";"";"17222";"11";"17171";"";"";"";"";"";"";"";"";"";"";"";"";"";"";"";"";""
"111867";"17223";"Anfrage 1981";"01.01.1981";"31.12.1981";"1981";"1981";"84";"[""update""]";"done";"2023-03-28 14:43:40";"";"";"17223";"10";"17172";"";"";"";"";"";"";"";"";"";"";"";"";"";"";"";"";""
"111869";"17225";"Projekt 1965";"01.01.1965";"31.12.1965";"1965";"1965";"85";"[""update""]";"done";"2023-03-28 14:43:40";"";"";"17225";"12";"17174";"";"";"";"";"";"";"";"";"";"";"";"";"";"";"";"";""
"111871";"17227";"Vorprojekt 1969; Vorprojekt 1977 (Wiederaufnahme)";"01.01.1969";"31.12.1977";"1969";"1977";"86";"[""update""]";"done";"2023-03-28 14:43:40";"";"";"17227";"11";"17176";"";"";"";"";"";"";"";"";"";"";"";"";"";"";"";"";""
"111873";"17229";"Anfrage 1971";"01.01.1971";"31.12.1971";"1971";"1971";"87";"[""update""]";"done";"2023-03-28 14:43:40";"";"";"17229";"10";"17178";"";"";"";"";"";"";"";"";"";"";"";"";"";"";"";"";""
"111874";"17230";"Anfrage 1975";"01.01.1975";"31.12.1975";"1975";"1975";"88";"[""update""]";"done";"2023-03-28 14:43:40";"";"";"17230";"10";"17179";"";"";"";"";"";"";"";"";"";"";"";"";"";"";"";"";""
"111875";"17231";"Vorprojekt 1969";"01.01.1969";"31.12.1969";"1969";"1969";"89";"[""update""]";"done";"2023-03-28 14:43:40";"";"";"17231";"13";"17180";"";"";"";"";"";"";"";"";"";"";"";"";"";"";"";"";""
"111876";"17232";"Vorprojekt 1967";"01.01.1967";"31.12.1967";"1967";"1967";"90";"[""update""]";"done";"2023-03-28 14:43:40";"";"";"17232";"12";"17181";"";"";"";"";"";"";"";"";"";"";"";"";"";"";"";"";""
"111877";"17233";"Anfrage 1971";"01.01.1971";"31.12.1971";"1971";"1971";"91";"[""update""]";"done";"2023-03-28 14:43:40";"";"";"17233";"10";"17182";"";"";"";"";"";"";"";"";"";"";"";"";"";"";"";"";""
"111880";"17236";"Anfrage 2001/2003";"01.01.2001";"31.12.2003";"2001";"2003";"92";"[""update""]";"done";"2023-03-28 14:43:40";"";"";"17236";"12";"17185";"";"";"";"";"";"";"";"";"";"";"";"";"";"";"";"";""
"111881";"17237";"Anfrage 1969";"01.01.1969";"31.12.1969";"1969";"1969";"93";"[""update""]";"done";"2023-03-28 14:43:40";"";"";"17237";"10";"17186";"";"";"";"";"";"";"";"";"";"";"";"";"";"";"";"";""
"111882";"17238";"Anfrage 1996";"01.01.1996";"31.12.1996";"1996";"1996";"94";"[""update""]";"done";"2023-03-28 14:43:40";"";"";"17238";"12";"17187";"";"";"";"";"";"";"";"";"";"";"";"";"";"";"";"";""
"111883";"17239";"Vorprojekt 1970";"01.01.1970";"31.12.1970";"1970";"1970";"95";"[""update""]";"done";"2023-03-28 14:43:40";"";"";"17239";"11";"17188";"";"";"";"";"";"";"";"";"";"";"";"";"";"";"";"";""
"111884";"17240";"Vorprojekt 1969";"01.01.1969";"31.12.1969";"1969";"1969";"96";"[""update""]";"done";"2023-03-28 14:43:40";"";"";"17240";"11";"17189";"";"";"";"";"";"";"";"";"";"";"";"";"";"";"";"";""
"111885";"17241";"Vorprojekt 2000";"01.01.2000";"31.12.2000";"2000";"2000";"97";"[""update""]";"done";"2023-03-28 14:43:40";"";"";"17241";"10";"17190";"";"";"";"";"";"";"";"";"";"";"";"";"";"";"";"";""
"111886";"17242";"Vorprojekt 1989";"01.01.1989";"31.12.1989";"1989";"1989";"98";"[""update""]";"done";"2023-03-28 14:43:40";"";"";"17242";"14";"19885";"";"";"";"";"";"";"";"";"";"";"";"";"";"";"";"";""
"111887";"17243";"Vorprojekt 1969";"01.01.1969";"31.12.1969";"1969";"1969";"99";"[""update""]";"done";"2023-03-28 14:43:40";"";"";"17243";"11";"17192";"";"";"";"";"";"";"";"";"";"";"";"";"";"";"";"";""
{"control_fields_warning_shown":null,"match_existing":"_system_object_id","dest_field_row":0,"header_row":1,"action_chunk_size":1,"mapping":{"0":"_system_object_id","1":null,"2":null,"3":null,"4":null,"5":"oeu_archive_exist_construct_timespan","6":"oeu_archive_exist_construct_timespan","custom_0":{},"custom_1":{},"custom_2":{},"custom_3":{},"custom_4":{},"custom_5":{"from_to":"from"},"custom_6":{"from_to":"to"}},"objecttype":"oeu","_pool":{"_basetype":"pool","_path":[{"pool":{"_id":1,"name":{"de-DE":"Alle Pools","it-IT":"All pools (IT)","en-US":"All pools","es-ES":"Todos los pools"},"custom_data":{}},"_basetype":"pool"},{"pool":{"_id":3,"name":{"de-DE":"Reference Data","en-US":"Reference Data"},"_id_parent":1,"custom_data":{}},"_basetype":"pool"},{"pool":{"_id":90,"name":{"de-DE":"Generic","en-US":"Generic"},"_id_parent":3},"_basetype":"pool"}],"_has_acl":false,"_owner":{"_basetype":"user","user":{"frontend_language":"en-US","_id":1,"_generated_displayname":"Root","type":"system","login":"root","_version":6622}},"pool":{"description":{"de-DE":"the new home for geenric references (excl. actors and places)","en-US":"the new home for geenric references (excl. actors and places)"},"is_system_pool":false,"_id_parent":3,"created_timestamp":"2021-07-08T21:43:58Z","shortname":null,"name":{"de-DE":"Generic","en-US":"Generic"},"comment":null,"mapping_image_import":"parent","reference":null,"mapping_dc_export":"parent","mapping_image_export":"parent","contact":{"user":{"login":"haenslit","last_name":null,"house_number":null,"company":null,"type":"ldap","country":null,"first_name":null,"department":null,"last_updated_timestamp":"2022-06-14T07:37:30Z","search_languages":[],"frontend_language":"en-US","address_supplement":null,"_primary_email":"thomas.haensli@gta.arch.ethz.ch","phone":null,"postal_code":null,"custom_data":{},"street":null,"frontend_prefs":{"webfrontend":{"copied_from_user_id":1,"theme":"ng","search.main.filter":false,"search_type_selector_dp":{"objecttypes":["dp"],"pool_ids":[1,57]},"search_main_view_data":{"view_select":0,"view_data":{"result-standard":{"variant_layout":0,"show_hierarchy":false,"variant_standard_info":1,"variant_tags":0,"variant_texts":1,"variant_poolinfo":0,"variant_result":2,"variant_info":1,"variant_format":0,"variant_system_object_id":0,"page_size":1000},"result-text":{"variant_system_object_id":0,"variant_standard_info":1,"variant_tags":0,"variant_poolinfo":0,"variant_info":0,"page_size":10},"result-table":{"nested_page_size":5,"show_hierarchy":true,"page_size":100,"variant_card_size":0,"show_options":["standard","tags"]},"result-table-v2":{"variant_result":0,"page_size":10,"show_options":[]}}},"search_type_selector_act":{"objecttypes":["act"],"pool_ids":[1,3,4,9,29,32,33,51,53,63,78,82,83,84,85,86,87,89,107,108]},"search_type_selector_oeu":{"objecttypes":["oeu"],"pool_ids":[1,3,30]},"search_popover_view_data":{"view_select":2,"view_data":{"result-standard":{"variant_layout":0,"variant_standard_info":1,"variant_tags":1,"variant_texts":1,"variant_poolinfo":1,"variant_result":2,"variant_info":0,"variant_format":0,"variant_system_object_id":1,"page_size":100},"result-text":{"variant_system_object_id":0,"variant_standard_info":1,"variant_tags":0,"variant_poolinfo":0,"variant_info":0,"page_size":10},"result-table":{"nested_page_size":5,"show_hierarchy":true,"page_size":100,"variant_card_size":0,"show_options":["standard"]},"result-table-v2":{"page_size":10,"show_options":[]}}},"print_settings":{"printMode":"text","isFlexibleHeight":false,"imageSize":50,"header_title":"gta-archives","_layout":null,"columns":1,"printLowRes":false,"footer":"","rows":3,"header_subtitle":"","mask":{"act":"act__all_fields"}},"show_languages_with_data":true,"search_type_selector":{"objecttypes":["ao","pm"],"pool_ids":[16,17]},"bi":{"0":555},"act":{"0":437,"1":259,"2":244.98333740234375,"3":334,"5":65},"recognize_series":true,"choice_table_id":28,"oeu":{"13":153},"search_main_sort_data":{"pl":{"_standard":{"order":"ASC","key":"_1"}},"act":{"_standard":{"order":"ASC","key":"_1"}},"do":{"_system_object_id":{"order":"DESC","key":"_1"}},"_COMMONS":{"_changelog":{"extra":"created","order":"DESC","key":"_1"}},"ao":{"ao.ao_signatur":{"order":"ASC","key":"_1"},"ao._id_parent":{"extra":"hierarchical","order":"ASC","key":"_2"}}},"export.templates":{"templates":[{"name":"1000","objecttypes":["pl"],"data":{"produce_options":{"plugin":"easydb"},"filename_original":null,"csv":false,"mapping":"easydb","merge_max_depth":1,"json_one_file_per_object":false,"classes":{},"merge_linked_objects":"all","filename_template":null,"batch_size":1000,"eas_fields":{},"type":"export","xml_one_file_per_object":false,"maskData":{},"fields":null,"all_languages":false,"search":{},"assets":{},"json":false,"xslt_xml_post_processing":null,"xml":true,"flat":false}}],"version":2},"search_type_selector_pl":{"objecttypes":["pl"],"pool_ids":[1,3,4,45,61,63,65,67,68,69,70,71,72,78,79,82,98,99,103,105,106,107,111,114,116]},"pool_id":8,"search_type_selector_ao":{"objecttypes":["ao"],"pool_ids":[1,16,17,56]},"search_type_selector_do":{"objecttypes":["do"],"pool_ids":[1,18,21,23,26,31,38,39]},"search_list_view_data":{"view_select":1,"view_data":{"result-list":{"nested_page_size":20,"show_hierarchy":false,"page_size":1000,"variant_card_size":0,"show_options":[]},"result-table":{"nested_page_size":5,"show_hierarchy":true,"page_size":100,"variant_card_size":0,"show_options":["standard","tags","pool"]},"result-table-v2":{"variant_opacity_copy_columns":0,"variant_result":0,"variant_show_copy_columns":0,"show_hierarchy":false,"page_size":100,"show_options":["_standard","_tags","_pool"]}}},"search_list_sort_data":{"pl_type":{"_standard":{"order":"ASC","key":"_1"}},"pl":{"pl._nested:pl__pl_nc_name.pl_nc_name_literal":{"order":"ASC","key":"_2"},"pl._id_parent":{"order":"ASC","key":"_1"}},"bi":{"_changelog":{"extra":"updated","order":"DESC","key":"_1"}},"act":{"_changelog":{"extra":"updated","order":"DESC","key":"_1"}},"do":{"_changelog":{"extra":"updated","order":"DESC","key":"_1"}},"oeu":{"oeu.oeu_nc_name":{"order":"ASC","key":"_2"},"oeu._id_parent":{"extra":"hierarchical","order":"ASC","key":"_1"}},"ao":{"_standard":{"order":"ASC","key":"_2"},"ao._id_parent":{"order":"ASC","key":"_1"}},"typology_formfinding":{"typology_formfinding.typology_formfinding_name":{"order":"ASC","key":"_1"}}},"quick_access_open":true,"search_type_selector_bi":{"objecttypes":["bi"],"pool_ids":[1,3,30]},"spellcheck":true,"search_popover_sort_data":{"pl":{"pl.pl_nc_name":{"order":"ASC","key":"_1"}}},"pl":{"0":358,"1":722,"2":166},"languages_user_selection":false,"ao_type":{"0":387},"search_type_selector_pl_matching_term_21":{"objecttypes":["pl_matching_term_21"],"pool_ids":[1,99]}}},"login_disabled":false,"_version":257,"town":null,"_generated_displayname":"Thomas Daniel Hänsli","created_timestamp":"2020-03-10T10:52:30Z","database_languages":[],"_id":46},"_emails":[{"use_for_login":false,"email":"thomas.haensli@gta.arch.ethz.ch","is_primary":true,"send_email":true,"send_email_include_password":false,"requested_confirmation_date":null,"confirmed_date":null,"intended_primary":false,"use_for_email":true,"send_email_welcome_now":false}],"_collection_pin_codes":[],"_groups":[{"_automatic_auth":{"type":"ldap","timestamp":"2022-06-14T07:34:40Z"},"group":{"type":"easydb","reference":null,"_id":18,"name":"arch-spez-digital-arthistory","displayname":{"de-DE":"gta Digital","en-US":"gta Digital"}},"_basetype":"group"},{"group":{"type":"easydb","reference":null,"_id":19,"name":"arch-gta-archiv","displayname":{"de-DE":"gta Archiv","en-US":"gta Archives"}},"_basetype":"group"},{"_automatic_auth":{"type":"ldap","timestamp":"2022-06-14T07:34:40Z"},"group":{"type":"easydb","reference":null,"_id":19,"name":"arch-gta-archiv","displayname":{"de-DE":"gta Archiv","en-US":"gta Archives"}},"_basetype":"group"},{"_automatic_auth":{"type":"ldap","timestamp":"2022-06-14T07:34:40Z"},"group":{"type":"easydb","reference":null,"_id":20,"name":"arch-gta","displayname":{"de-DE":"gta Institute","en-US":"gta Institut"}},"_basetype":"group"},{"group":{"type":"easydb","reference":null,"_id":21,"name":"gta-ed","displayname":{"de-DE":"gta Experimental Design","en-US":"gta Experimental Design"}},"_basetype":"group"}],"_basetype":"user"},"last_updated_timestamp":"2023-03-28T11:56:34Z","_id":90,"_version":4,"custom_data":{}},"_schema_version":323,"_has_children":true},"_pool_linked_objects":{"_basetype":"pool","_path":[{"pool":{"_id":1,"name":{"de-DE":"Alle Pools","it-IT":"All pools (IT)","en-US":"All pools","es-ES":"Todos los pools"},"custom_data":{}},"_basetype":"pool"},{"pool":{"_id":3,"name":{"de-DE":"Reference Data","en-US":"Reference Data"},"_id_parent":1,"custom_data":{}},"_basetype":"pool"},{"pool":{"_id":90,"name":{"de-DE":"Generic","en-US":"Generic"},"_id_parent":3},"_basetype":"pool"}],"_has_acl":false,"_owner":{"_basetype":"user","user":{"frontend_language":"en-US","_id":1,"_generated_displayname":"Root","type":"system","login":"root","_version":6622}},"pool":{"description":{"de-DE":"the new home for geenric references (excl. actors and places)","en-US":"the new home for geenric references (excl. actors and places)"},"is_system_pool":false,"_id_parent":3,"created_timestamp":"2021-07-08T21:43:58Z","shortname":null,"name":{"de-DE":"Generic","en-US":"Generic"},"comment":null,"mapping_image_import":"parent","reference":null,"mapping_dc_export":"parent","mapping_image_export":"parent","contact":{"user":{"login":"haenslit","last_name":null,"house_number":null,"company":null,"type":"ldap","country":null,"first_name":null,"department":null,"last_updated_timestamp":"2022-06-14T07:37:30Z","search_languages":[],"frontend_language":"en-US","address_supplement":null,"_primary_email":"thomas.haensli@gta.arch.ethz.ch","phone":null,"postal_code":null,"custom_data":{},"street":null,"frontend_prefs":{"webfrontend":{"copied_from_user_id":1,"theme":"ng","search.main.filter":false,"search_type_selector_dp":{"objecttypes":["dp"],"pool_ids":[1,57]},"search_main_view_data":{"view_select":0,"view_data":{"result-standard":{"variant_layout":0,"show_hierarchy":false,"variant_standard_info":1,"variant_tags":0,"variant_texts":1,"variant_poolinfo":0,"variant_result":2,"variant_info":1,"variant_format":0,"variant_system_object_id":0,"page_size":1000},"result-text":{"variant_system_object_id":0,"variant_standard_info":1,"variant_tags":0,"variant_poolinfo":0,"variant_info":0,"page_size":10},"result-table":{"nested_page_size":5,"show_hierarchy":true,"page_size":100,"variant_card_size":0,"show_options":["standard","tags"]},"result-table-v2":{"variant_result":0,"page_size":10,"show_options":[]}}},"search_type_selector_act":{"objecttypes":["act"],"pool_ids":[1,3,4,9,29,32,33,51,53,63,78,82,83,84,85,86,87,89,107,108]},"search_type_selector_oeu":{"objecttypes":["oeu"],"pool_ids":[1,3,30]},"search_popover_view_data":{"view_select":2,"view_data":{"result-standard":{"variant_layout":0,"variant_standard_info":1,"variant_tags":1,"variant_texts":1,"variant_poolinfo":1,"variant_result":2,"variant_info":0,"variant_format":0,"variant_system_object_id":1,"page_size":100},"result-text":{"variant_system_object_id":0,"variant_standard_info":1,"variant_tags":0,"variant_poolinfo":0,"variant_info":0,"page_size":10},"result-table":{"nested_page_size":5,"show_hierarchy":true,"page_size":100,"variant_card_size":0,"show_options":["standard"]},"result-table-v2":{"page_size":10,"show_options":[]}}},"print_settings":{"printMode":"text","isFlexibleHeight":false,"imageSize":50,"header_title":"gta-archives","_layout":null,"columns":1,"printLowRes":false,"footer":"","rows":3,"header_subtitle":"","mask":{"act":"act__all_fields"}},"show_languages_with_data":true,"search_type_selector":{"objecttypes":["ao","pm"],"pool_ids":[16,17]},"bi":{"0":555},"act":{"0":437,"1":259,"2":244.98333740234375,"3":334,"5":65},"recognize_series":true,"choice_table_id":28,"oeu":{"13":153},"search_main_sort_data":{"pl":{"_standard":{"order":"ASC","key":"_1"}},"act":{"_standard":{"order":"ASC","key":"_1"}},"do":{"_system_object_id":{"order":"DESC","key":"_1"}},"_COMMONS":{"_changelog":{"extra":"created","order":"DESC","key":"_1"}},"ao":{"ao.ao_signatur":{"order":"ASC","key":"_1"},"ao._id_parent":{"extra":"hierarchical","order":"ASC","key":"_2"}}},"export.templates":{"templates":[{"name":"1000","objecttypes":["pl"],"data":{"produce_options":{"plugin":"easydb"},"filename_original":null,"csv":false,"mapping":"easydb","merge_max_depth":1,"json_one_file_per_object":false,"classes":{},"merge_linked_objects":"all","filename_template":null,"batch_size":1000,"eas_fields":{},"type":"export","xml_one_file_per_object":false,"maskData":{},"fields":null,"all_languages":false,"search":{},"assets":{},"json":false,"xslt_xml_post_processing":null,"xml":true,"flat":false}}],"version":2},"search_type_selector_pl":{"objecttypes":["pl"],"pool_ids":[1,3,4,45,61,63,65,67,68,69,70,71,72,78,79,82,98,99,103,105,106,107,111,114,116]},"pool_id":8,"search_type_selector_ao":{"objecttypes":["ao"],"pool_ids":[1,16,17,56]},"search_type_selector_do":{"objecttypes":["do"],"pool_ids":[1,18,21,23,26,31,38,39]},"search_list_view_data":{"view_select":1,"view_data":{"result-list":{"nested_page_size":20,"show_hierarchy":false,"page_size":1000,"variant_card_size":0,"show_options":[]},"result-table":{"nested_page_size":5,"show_hierarchy":true,"page_size":100,"variant_card_size":0,"show_options":["standard","tags","pool"]},"result-table-v2":{"variant_opacity_copy_columns":0,"variant_result":0,"variant_show_copy_columns":0,"show_hierarchy":false,"page_size":100,"show_options":["_standard","_tags","_pool"]}}},"search_list_sort_data":{"pl_type":{"_standard":{"order":"ASC","key":"_1"}},"pl":{"pl._nested:pl__pl_nc_name.pl_nc_name_literal":{"order":"ASC","key":"_2"},"pl._id_parent":{"order":"ASC","key":"_1"}},"bi":{"_changelog":{"extra":"updated","order":"DESC","key":"_1"}},"act":{"_changelog":{"extra":"updated","order":"DESC","key":"_1"}},"do":{"_changelog":{"extra":"updated","order":"DESC","key":"_1"}},"oeu":{"oeu.oeu_nc_name":{"order":"ASC","key":"_2"},"oeu._id_parent":{"extra":"hierarchical","order":"ASC","key":"_1"}},"ao":{"_standard":{"order":"ASC","key":"_2"},"ao._id_parent":{"order":"ASC","key":"_1"}},"typology_formfinding":{"typology_formfinding.typology_formfinding_name":{"order":"ASC","key":"_1"}}},"quick_access_open":true,"search_type_selector_bi":{"objecttypes":["bi"],"pool_ids":[1,3,30]},"spellcheck":true,"search_popover_sort_data":{"pl":{"pl.pl_nc_name":{"order":"ASC","key":"_1"}}},"pl":{"0":358,"1":722,"2":166},"languages_user_selection":false,"ao_type":{"0":387},"search_type_selector_pl_matching_term_21":{"objecttypes":["pl_matching_term_21"],"pool_ids":[1,99]}}},"login_disabled":false,"_version":257,"town":null,"_generated_displayname":"Thomas Daniel Hänsli","created_timestamp":"2020-03-10T10:52:30Z","database_languages":[],"_id":46},"_emails":[{"use_for_login":false,"email":"thomas.haensli@gta.arch.ethz.ch","is_primary":true,"send_email":true,"send_email_include_password":false,"requested_confirmation_date":null,"confirmed_date":null,"intended_primary":false,"use_for_email":true,"send_email_welcome_now":false}],"_collection_pin_codes":[],"_groups":[{"_automatic_auth":{"type":"ldap","timestamp":"2022-06-14T07:34:40Z"},"group":{"type":"easydb","reference":null,"_id":18,"name":"arch-spez-digital-arthistory","displayname":{"de-DE":"gta Digital","en-US":"gta Digital"}},"_basetype":"group"},{"group":{"type":"easydb","reference":null,"_id":19,"name":"arch-gta-archiv","displayname":{"de-DE":"gta Archiv","en-US":"gta Archives"}},"_basetype":"group"},{"_automatic_auth":{"type":"ldap","timestamp":"2022-06-14T07:34:40Z"},"group":{"type":"easydb","reference":null,"_id":19,"name":"arch-gta-archiv","displayname":{"de-DE":"gta Archiv","en-US":"gta Archives"}},"_basetype":"group"},{"_automatic_auth":{"type":"ldap","timestamp":"2022-06-14T07:34:40Z"},"group":{"type":"easydb","reference":null,"_id":20,"name":"arch-gta","displayname":{"de-DE":"gta Institute","en-US":"gta Institut"}},"_basetype":"group"},{"group":{"type":"easydb","reference":null,"_id":21,"name":"gta-ed","displayname":{"de-DE":"gta Experimental Design","en-US":"gta Experimental Design"}},"_basetype":"group"}],"_basetype":"user"},"last_updated_timestamp":"2023-03-28T11:56:34Z","_id":90,"_version":4,"custom_data":{}},"_schema_version":323,"_has_children":true},"mask":"oeu__all_fields_isler_v3","comment":"experimental dessign datacuration / load additional project timespans, flightB  [experimentaldesign-datacuration-12]","append_nested":false,"append_reverse_nested":false,"create_linked_objects":true,"id_mapping":null,"tags_mode":"tag_add"}
