"_system_object_id";"oeu_nc_name_de";"oeu_nc_name_en";"_tags";"easydb|row_idx";"easydb|operation";"easydb|status";"easydb|timestamp";"easydb|status_text";"easydb|warning_text";"easydb|id";"easydb|version";"easydb|id_parent";"easydb|depth";"easydb|path";"easydb|act|act__shortest";"easydb|act_role|act_role__all_fields";"easydb|generic_lang|generic_lang__all_fields";"easydb|generic_nametype|generic_nametype__all_fields";"easydb|bi|bi__all_fields";"easydb|ac|ac__all_fields";"easydb|pl|pl_display_short";"easydb|generic_uncertainty|generic_uncert__all_fields";"easydb|generic_identifier_type|generic_identifier_type__all_fields";"easydb|generic_dimensions|generic_dimensions__all_fields";"easydb|oeu_nc_type|oeu_type__all_fields";"easydb|hierarchy-oeu|oeu__all_fields";"easydb|do|do__generic_import"
"112590";"Schweizerische Drahtziegelfabrik Lotzwil SDL AG";"Swiss Wirecut Brick Factory Lotzwil SDL AG";"ed-dc-leo";"0";"[""update""]";"done";"2023-06-22 14:04:33";"";"";"17946";"";"17895";"";"";"";"";"";"";"";"";"";"";"";"";"";"";""
"112591";"Feriendorf (heute Hotel) Twannberg : Iglus";"Feriendorf (Today Hotel) Twannberg : Igloos";"ed-dc-leo";"1";"[""update""]";"done";"2023-06-22 14:04:33";"";"";"17947";"";"17896";"";"";"";"";"";"";"";"";"";"";"";"";"";"";""
"112592";"Hallen in der Schweiz";"Halls in Switzerland";"ed-dc-leo";"2";"[""update""]";"done";"2023-06-22 14:04:33";"";"";"17948";"";"";"";"";"";"";"";"";"";"";"";"";"";"";"";"";""
"112594";"Sportarena";"Sports Arena";"ed-dc-leo";"3";"[""update""]";"done";"2023-06-22 14:04:33";"";"";"17950";"";"";"";"";"";"";"";"";"";"";"";"";"";"";"";"";""
"112595";"Mäder & Co. : Lagerhalle";"Mäder & Co. : Warehouse";"ed-dc-leo";"4";"[""update""]";"done";"2023-06-22 14:04:33";"";"";"17951";"";"";"";"";"";"";"";"";"";"";"";"";"";"";"";"";""
"112596";"Bauisolationen F. Kilcher AG";"Building Insulation F. Kilcher AG";"ed-dc-leo";"5";"[""update""]";"done";"2023-06-22 14:04:33";"";"";"17952";"";"";"";"";"";"";"";"";"";"";"";"";"";"";"";"";""
"112598";"Consulent-Bau AG : Früchte- und Fleischkühlhäuser";"Consulent-Bau AG : Fruit and Meat Cool Houses";"ed-dc-leo";"6";"[""update""]";"done";"2023-06-22 14:04:33";"";"";"17954";"";"";"";"";"";"";"";"";"";"";"";"";"";"";"";"";""
"112599";"Schwimmbad Morges";"Morges Swimming Pool";"ed-dc-leo";"7";"[""update""]";"done";"2023-06-22 14:04:33";"";"";"17955";"";"";"";"";"";"";"";"";"";"";"";"";"";"";"";"";""
"112600";"Haus + Herd, Industrie";"House + Stove, Industry";"ed-dc-leo";"8";"[""update""]";"done";"2023-06-22 14:04:33";"";"";"17956";"";"";"";"";"";"";"";"";"";"";"";"";"";"";"";"";""
"112601";"Garage Senn";"Garage Senn";"ed-dc-leo";"9";"[""update""]";"done";"2023-06-22 14:04:33";"";"";"17957";"";"";"";"";"";"";"";"";"";"";"";"";"";"";"";"";""
"112602";"Hotel Anfi del Mar";"Hotel Anfi del Mar";"ed-dc-leo";"10";"[""update""]";"done";"2023-06-22 14:04:33";"";"";"17958";"";"";"";"";"";"";"";"";"";"";"";"";"";"";"";"";""
"112603";"Kunst und Medienzentrum Rheinhafen GmbH : Der Neue Zollhof : Fassade Düsseldorf";"Art and Media Center Rheinhafen GmbH : The Neue Zollhof : Facade Düsseldorf";"ed-dc-leo";"11";"[""update""]";"done";"2023-06-22 14:04:33";"";"";"17959";"";"";"";"";"";"";"";"";"";"";"";"";"";"";"";"";""
"112604";"Schweizer Armee : Geh- und Karrensteg";"Swiss Army : Walkway and Cart Bridge";"ed-dc-leo";"12";"[""update""]";"done";"2023-06-22 14:04:33";"";"";"17960";"";"";"";"";"";"";"";"";"";"";"";"";"";"";"";"";""
"112605";"Trickler Schaumstoff";"Trickler Foam";"ed-dc-leo";"13";"[""update""]";"done";"2023-06-22 14:04:33";"";"";"17961";"";"";"";"";"";"";"";"";"";"";"";"";"";"";"";"";""
"112606";"HIB : JPA Nelissen : Universal Sporthalle Nr. 6 und 7";"HIB : Jpa Nelissen : Universal Sports Hall No. 6 and 7";"ed-dc-leo";"14";"[""update""]";"done";"2023-06-22 14:04:33";"";"";"17962";"";"";"";"";"";"";"";"";"";"";"";"";"";"";"";"";""
"112607";"Maus Frères : Firma Nordmann : Lagerhaus : Neubau";"Maus Frères : Nordmann Company : Warehouse : New Building";"ed-dc-leo";"15";"[""update""]";"done";"2023-06-22 14:04:33";"";"";"17963";"";"";"";"";"";"";"";"";"";"";"";"";"";"";"";"";""
"112608";"Kebau AG : Türkisches Kulturzentrum : Moschee";"Kebau AG : Turkish Cultural Center : Mosque";"ed-dc-leo";"16";"[""update""]";"done";"2023-06-22 14:04:33";"";"";"17964";"";"";"";"";"";"";"";"";"";"";"";"";"";"";"";"";""
"112609.6618";"Schweizerische Drahtziegelfabrik Lotzwil SDL AG";"Swiss Wirecut Brick Factory Lotzwil SDL AG";"ed-dc-leo";"17";"[""insert""]";"ready";"";"";"";"";"1";"";"";"";"";"";"";"";"";"";"";"";"";"";"";"";""
"112610.7941";"Feriendorf (heute Hotel) Twannberg : Iglus";"Feriendorf (Today Hotel) Twannberg : Igloos";"ed-dc-leo";"18";"[""insert""]";"ready";"";"";"";"";"1";"";"";"";"";"";"";"";"";"";"";"";"";"";"";"";""
"112611.9265";"Hallen in der Schweiz";"Halls in Switzerland";"ed-dc-leo";"19";"[""insert""]";"ready";"";"";"";"";"1";"";"";"";"";"";"";"";"";"";"";"";"";"";"";"";""
"112613.0588";"Sportarena";"Sports Arena";"ed-dc-leo";"20";"[""insert""]";"ready";"";"";"";"";"1";"";"";"";"";"";"";"";"";"";"";"";"";"";"";"";""
"112614.1912";"Mäder & Co. : Lagerhalle";"Mäder & Co. : Warehouse";"ed-dc-leo";"21";"[""insert""]";"ready";"";"";"";"";"1";"";"";"";"";"";"";"";"";"";"";"";"";"";"";"";""
"112615.3235";"Bauisolationen F. Kilcher AG";"Building Insulation F. Kilcher AG";"ed-dc-leo";"22";"[""insert""]";"ready";"";"";"";"";"1";"";"";"";"";"";"";"";"";"";"";"";"";"";"";"";""
"112616.4559";"Consulent-Bau AG : Früchte- und Fleischkühlhäuser";"Consulent-Bau AG : Fruit and Meat Cool Houses";"ed-dc-leo";"23";"[""insert""]";"ready";"";"";"";"";"1";"";"";"";"";"";"";"";"";"";"";"";"";"";"";"";""
"112617.5882";"Schwimmbad Morges";"Morges Swimming Pool";"ed-dc-leo";"24";"[""insert""]";"ready";"";"";"";"";"1";"";"";"";"";"";"";"";"";"";"";"";"";"";"";"";""
"112618.7206";"Haus + Herd, Industrie";"House + Stove, Industry";"ed-dc-leo";"25";"[""insert""]";"ready";"";"";"";"";"1";"";"";"";"";"";"";"";"";"";"";"";"";"";"";"";""
"112619.8529";"Garage Senn";"Garage Senn";"ed-dc-leo";"26";"[""insert""]";"ready";"";"";"";"";"1";"";"";"";"";"";"";"";"";"";"";"";"";"";"";"";""
"112620.9853";"Hotel Anfi del Mar";"Hotel Anfi del Mar";"ed-dc-leo";"27";"[""insert""]";"ready";"";"";"";"";"1";"";"";"";"";"";"";"";"";"";"";"";"";"";"";"";""
"112622.1176";"Kunst und Medienzentrum Rheinhafen GmbH : Der Neue Zollhof : Fassade Düsseldorf";"Art and Media Center Rheinhafen GmbH : The Neue Zollhof : Facade Düsseldorf";"ed-dc-leo";"28";"[""insert""]";"ready";"";"";"";"";"1";"";"";"";"";"";"";"";"";"";"";"";"";"";"";"";""
"112623.25";"Schweizer Armee : Geh- und Karrensteg";"Swiss Army : Walkway and Cart Bridge";"ed-dc-leo";"29";"[""insert""]";"ready";"";"";"";"";"1";"";"";"";"";"";"";"";"";"";"";"";"";"";"";"";""
"112624.3824";"Trickler Schaumstoff";"Trickler Foam";"ed-dc-leo";"30";"[""insert""]";"ready";"";"";"";"";"1";"";"";"";"";"";"";"";"";"";"";"";"";"";"";"";""
"112625.5147";"HIB : JPA Nelissen : Universal Sporthalle Nr. 6 und 8";"HIB : Jpa Nelissen : Universal Sports Hall No. 6 and 8";"ed-dc-leo";"31";"[""insert""]";"ready";"";"";"";"";"1";"";"";"";"";"";"";"";"";"";"";"";"";"";"";"";""
"112626.6471";"Maus Frères : Firma Nordmann : Lagerhaus : Neubau";"Maus Frères : Nordmann Company : Warehouse : New Building";"ed-dc-leo";"32";"[""insert""]";"ready";"";"";"";"";"1";"";"";"";"";"";"";"";"";"";"";"";"";"";"";"";""
"112627.7794";"Kebau AG : Türkisches Kulturzentrum : Moschee";"Kebau AG : Turkish Cultural Center : Mosque";"ed-dc-leo";"33";"[""insert""]";"ready";"";"";"";"";"1";"";"";"";"";"";"";"";"";"";"";"";"";"";"";"";""
"112628.9118";"Schweizerische Drahtziegelfabrik Lotzwil SDL AG";"Swiss Wirecut Brick Factory Lotzwil SDL AG";"ed-dc-leo";"34";"[""insert""]";"ready";"";"";"";"";"1";"";"";"";"";"";"";"";"";"";"";"";"";"";"";"";""
"112630.0441";"Feriendorf (heute Hotel) Twannberg : Iglus";"Feriendorf (Today Hotel) Twannberg : Igloos";"ed-dc-leo";"35";"[""insert""]";"ready";"";"";"";"";"1";"";"";"";"";"";"";"";"";"";"";"";"";"";"";"";""
"112631.1765";"Hallen in der Schweiz";"Halls in Switzerland";"ed-dc-leo";"36";"[""insert""]";"ready";"";"";"";"";"1";"";"";"";"";"";"";"";"";"";"";"";"";"";"";"";""
"112632.3088";"Sportarena";"Sports Arena";"ed-dc-leo";"37";"[""insert""]";"ready";"";"";"";"";"1";"";"";"";"";"";"";"";"";"";"";"";"";"";"";"";""
"112633.4412";"Mäder & Co. : Lagerhalle";"Mäder & Co. : Warehouse";"ed-dc-leo";"38";"[""insert""]";"ready";"";"";"";"";"1";"";"";"";"";"";"";"";"";"";"";"";"";"";"";"";""
"112634.5735";"Bauisolationen F. Kilcher AG";"Building Insulation F. Kilcher AG";"ed-dc-leo";"39";"[""insert""]";"ready";"";"";"";"";"1";"";"";"";"";"";"";"";"";"";"";"";"";"";"";"";""
"112635.7059";"Consulent-Bau AG : Früchte- und Fleischkühlhäuser";"Consulent-Bau AG : Fruit and Meat Cool Houses";"ed-dc-leo";"40";"[""insert""]";"ready";"";"";"";"";"1";"";"";"";"";"";"";"";"";"";"";"";"";"";"";"";""
"112636.8382";"Schwimmbad Morges";"Morges Swimming Pool";"ed-dc-leo";"41";"[""insert""]";"ready";"";"";"";"";"1";"";"";"";"";"";"";"";"";"";"";"";"";"";"";"";""
"112637.9706";"Haus + Herd, Industrie";"House + Stove, Industry";"ed-dc-leo";"42";"[""insert""]";"ready";"";"";"";"";"1";"";"";"";"";"";"";"";"";"";"";"";"";"";"";"";""
"112639.1029";"Garage Senn";"Garage Senn";"ed-dc-leo";"43";"[""insert""]";"ready";"";"";"";"";"1";"";"";"";"";"";"";"";"";"";"";"";"";"";"";"";""
"112640.2353";"Hotel Anfi del Mar";"Hotel Anfi del Mar";"ed-dc-leo";"44";"[""insert""]";"ready";"";"";"";"";"1";"";"";"";"";"";"";"";"";"";"";"";"";"";"";"";""
"112641.3676";"Kunst und Medienzentrum Rheinhafen GmbH : Der Neue Zollhof : Fassade Düsseldorf";"Art and Media Center Rheinhafen GmbH : The Neue Zollhof : Facade Düsseldorf";"ed-dc-leo";"45";"[""insert""]";"ready";"";"";"";"";"1";"";"";"";"";"";"";"";"";"";"";"";"";"";"";"";""
"112642.5";"Schweizer Armee : Geh- und Karrensteg";"Swiss Army : Walkway and Cart Bridge";"ed-dc-leo";"46";"[""insert""]";"ready";"";"";"";"";"1";"";"";"";"";"";"";"";"";"";"";"";"";"";"";"";""
"112643.6324";"Trickler Schaumstoff";"Trickler Foam";"ed-dc-leo";"47";"[""insert""]";"ready";"";"";"";"";"1";"";"";"";"";"";"";"";"";"";"";"";"";"";"";"";""
"112644.7647";"HIB : JPA Nelissen : Universal Sporthalle Nr. 6 und 9";"HIB : Jpa Nelissen : Universal Sports Hall No. 6 and 9";"ed-dc-leo";"48";"[""insert""]";"ready";"";"";"";"";"1";"";"";"";"";"";"";"";"";"";"";"";"";"";"";"";""
"112645.8971";"Maus Frères : Firma Nordmann : Lagerhaus : Neubau";"Maus Frères : Nordmann Company : Warehouse : New Building";"ed-dc-leo";"49";"[""insert""]";"ready";"";"";"";"";"1";"";"";"";"";"";"";"";"";"";"";"";"";"";"";"";""
"112647.0294";"Kebau AG : Türkisches Kulturzentrum : Moschee";"Kebau AG : Turkish Cultural Center : Mosque";"ed-dc-leo";"50";"[""insert""]";"ready";"";"";"";"";"1";"";"";"";"";"";"";"";"";"";"";"";"";"";"";"";""
"112648.1618";"Schweizerische Drahtziegelfabrik Lotzwil SDL AG";"Swiss Wirecut Brick Factory Lotzwil SDL AG";"ed-dc-leo";"51";"[""insert""]";"ready";"";"";"";"";"1";"";"";"";"";"";"";"";"";"";"";"";"";"";"";"";""
"112649.2941";"Feriendorf (heute Hotel) Twannberg : Iglus";"Feriendorf (Today Hotel) Twannberg : Igloos";"ed-dc-leo";"52";"[""insert""]";"ready";"";"";"";"";"1";"";"";"";"";"";"";"";"";"";"";"";"";"";"";"";""
"112650.4265";"Hallen in der Schweiz";"Halls in Switzerland";"ed-dc-leo";"53";"[""insert""]";"ready";"";"";"";"";"1";"";"";"";"";"";"";"";"";"";"";"";"";"";"";"";""
"112651.5588";"Sportarena";"Sports Arena";"ed-dc-leo";"54";"[""insert""]";"ready";"";"";"";"";"1";"";"";"";"";"";"";"";"";"";"";"";"";"";"";"";""
"112652.6912";"Mäder & Co. : Lagerhalle";"Mäder & Co. : Warehouse";"ed-dc-leo";"55";"[""insert""]";"ready";"";"";"";"";"1";"";"";"";"";"";"";"";"";"";"";"";"";"";"";"";""
"112653.8235";"Bauisolationen F. Kilcher AG";"Building Insulation F. Kilcher AG";"ed-dc-leo";"56";"[""insert""]";"ready";"";"";"";"";"1";"";"";"";"";"";"";"";"";"";"";"";"";"";"";"";""
"112654.9559";"Consulent-Bau AG : Früchte- und Fleischkühlhäuser";"Consulent-Bau AG : Fruit and Meat Cool Houses";"ed-dc-leo";"57";"[""insert""]";"ready";"";"";"";"";"1";"";"";"";"";"";"";"";"";"";"";"";"";"";"";"";""
"112656.0882";"Schwimmbad Morges";"Morges Swimming Pool";"ed-dc-leo";"58";"[""insert""]";"ready";"";"";"";"";"1";"";"";"";"";"";"";"";"";"";"";"";"";"";"";"";""
"112657.2206";"Haus + Herd, Industrie";"House + Stove, Industry";"ed-dc-leo";"59";"[""insert""]";"ready";"";"";"";"";"1";"";"";"";"";"";"";"";"";"";"";"";"";"";"";"";""
"112658.3529";"Garage Senn";"Garage Senn";"ed-dc-leo";"60";"[""insert""]";"ready";"";"";"";"";"1";"";"";"";"";"";"";"";"";"";"";"";"";"";"";"";""
"112659.4853";"Hotel Anfi del Mar";"Hotel Anfi del Mar";"ed-dc-leo";"61";"[""insert""]";"ready";"";"";"";"";"1";"";"";"";"";"";"";"";"";"";"";"";"";"";"";"";""
"112660.6176";"Kunst und Medienzentrum Rheinhafen GmbH : Der Neue Zollhof : Fassade Düsseldorf";"Art and Media Center Rheinhafen GmbH : The Neue Zollhof : Facade Düsseldorf";"ed-dc-leo";"62";"[""insert""]";"ready";"";"";"";"";"1";"";"";"";"";"";"";"";"";"";"";"";"";"";"";"";""
"112661.75";"Schweizer Armee : Geh- und Karrensteg";"Swiss Army : Walkway and Cart Bridge";"ed-dc-leo";"63";"[""insert""]";"ready";"";"";"";"";"1";"";"";"";"";"";"";"";"";"";"";"";"";"";"";"";""
"112662.8824";"Trickler Schaumstoff";"Trickler Foam";"ed-dc-leo";"64";"[""insert""]";"ready";"";"";"";"";"1";"";"";"";"";"";"";"";"";"";"";"";"";"";"";"";""
"112664.0147";"HIB : JPA Nelissen : Universal Sporthalle Nr. 6 und 10";"HIB : Jpa Nelissen : Universal Sports Hall No. 6 and 10";"ed-dc-leo";"65";"[""insert""]";"ready";"";"";"";"";"1";"";"";"";"";"";"";"";"";"";"";"";"";"";"";"";""
"112665.1471";"Maus Frères : Firma Nordmann : Lagerhaus : Neubau";"Maus Frères : Nordmann Company : Warehouse : New Building";"ed-dc-leo";"66";"[""insert""]";"ready";"";"";"";"";"1";"";"";"";"";"";"";"";"";"";"";"";"";"";"";"";""
"112666.2794";"Kebau AG : Türkisches Kulturzentrum : Moschee";"Kebau AG : Turkish Cultural Center : Mosque";"ed-dc-leo";"67";"[""insert""]";"ready";"";"";"";"";"1";"";"";"";"";"";"";"";"";"";"";"";"";"";"";"";""
"112667.4118";"Schweizerische Drahtziegelfabrik Lotzwil SDL AG";"Swiss Wirecut Brick Factory Lotzwil SDL AG";"ed-dc-leo";"68";"[""insert""]";"ready";"";"";"";"";"1";"";"";"";"";"";"";"";"";"";"";"";"";"";"";"";""
"112668.5441";"Feriendorf (heute Hotel) Twannberg : Iglus";"Feriendorf (Today Hotel) Twannberg : Igloos";"ed-dc-leo";"69";"[""insert""]";"ready";"";"";"";"";"1";"";"";"";"";"";"";"";"";"";"";"";"";"";"";"";""
"112669.6765";"Hallen in der Schweiz";"Halls in Switzerland";"ed-dc-leo";"70";"[""insert""]";"ready";"";"";"";"";"1";"";"";"";"";"";"";"";"";"";"";"";"";"";"";"";""
"112670.8088";"Sportarena";"Sports Arena";"ed-dc-leo";"71";"[""insert""]";"ready";"";"";"";"";"1";"";"";"";"";"";"";"";"";"";"";"";"";"";"";"";""
"112671.9412";"Mäder & Co. : Lagerhalle";"Mäder & Co. : Warehouse";"ed-dc-leo";"72";"[""insert""]";"ready";"";"";"";"";"1";"";"";"";"";"";"";"";"";"";"";"";"";"";"";"";""
"112673.0735";"Bauisolationen F. Kilcher AG";"Building Insulation F. Kilcher AG";"ed-dc-leo";"73";"[""insert""]";"ready";"";"";"";"";"1";"";"";"";"";"";"";"";"";"";"";"";"";"";"";"";""
"112674.2059";"Consulent-Bau AG : Früchte- und Fleischkühlhäuser";"Consulent-Bau AG : Fruit and Meat Cool Houses";"ed-dc-leo";"74";"[""insert""]";"ready";"";"";"";"";"1";"";"";"";"";"";"";"";"";"";"";"";"";"";"";"";""
"112675.3382";"Schwimmbad Morges";"Morges Swimming Pool";"ed-dc-leo";"75";"[""insert""]";"ready";"";"";"";"";"1";"";"";"";"";"";"";"";"";"";"";"";"";"";"";"";""
"112676.4706";"Haus + Herd, Industrie";"House + Stove, Industry";"ed-dc-leo";"76";"[""insert""]";"ready";"";"";"";"";"1";"";"";"";"";"";"";"";"";"";"";"";"";"";"";"";""
"112677.6029";"Garage Senn";"Garage Senn";"ed-dc-leo";"77";"[""insert""]";"ready";"";"";"";"";"1";"";"";"";"";"";"";"";"";"";"";"";"";"";"";"";""
"112678.7353";"Hotel Anfi del Mar";"Hotel Anfi del Mar";"ed-dc-leo";"78";"[""insert""]";"ready";"";"";"";"";"1";"";"";"";"";"";"";"";"";"";"";"";"";"";"";"";""
"112679.8676";"Kunst und Medienzentrum Rheinhafen GmbH : Der Neue Zollhof : Fassade Düsseldorf";"Art and Media Center Rheinhafen GmbH : The Neue Zollhof : Facade Düsseldorf";"ed-dc-leo";"79";"[""insert""]";"ready";"";"";"";"";"1";"";"";"";"";"";"";"";"";"";"";"";"";"";"";"";""
"112681";"Schweizer Armee : Geh- und Karrensteg";"Swiss Army : Walkway and Cart Bridge";"ed-dc-leo";"80";"[""update""]";"done";"2023-06-22 14:04:33";"";"";"18037";"";"17987";"";"";"";"";"";"";"";"";"";"";"";"";"";"";""
"112682.1324";"Trickler Schaumstoff";"Trickler Foam";"ed-dc-leo";"81";"[""insert""]";"ready";"";"";"";"";"1";"";"";"";"";"";"";"";"";"";"";"";"";"";"";"";""
"112683.2647";"HIB : JPA Nelissen : Universal Sporthalle Nr. 6 und 11";"HIB : Jpa Nelissen : Universal Sports Hall No. 6 and 11";"ed-dc-leo";"82";"[""insert""]";"ready";"";"";"";"";"1";"";"";"";"";"";"";"";"";"";"";"";"";"";"";"";""
"112684.3971";"Maus Frères : Firma Nordmann : Lagerhaus : Neubau";"Maus Frères : Nordmann Company : Warehouse : New Building";"ed-dc-leo";"83";"[""insert""]";"ready";"";"";"";"";"1";"";"";"";"";"";"";"";"";"";"";"";"";"";"";"";""
"112685.5294";"Kebau AG : Türkisches Kulturzentrum : Moschee";"Kebau AG : Turkish Cultural Center : Mosque";"ed-dc-leo";"84";"[""insert""]";"ready";"";"";"";"";"1";"";"";"";"";"";"";"";"";"";"";"";"";"";"";"";""
"112686.6618";"Schweizerische Drahtziegelfabrik Lotzwil SDL AG";"Swiss Wirecut Brick Factory Lotzwil SDL AG";"ed-dc-leo";"85";"[""insert""]";"ready";"";"";"";"";"1";"";"";"";"";"";"";"";"";"";"";"";"";"";"";"";""
"112687.7941";"Feriendorf (heute Hotel) Twannberg : Iglus";"Feriendorf (Today Hotel) Twannberg : Igloos";"ed-dc-leo";"86";"[""insert""]";"ready";"";"";"";"";"1";"";"";"";"";"";"";"";"";"";"";"";"";"";"";"";""
"112688.9265";"Hallen in der Schweiz";"Halls in Switzerland";"ed-dc-leo";"87";"[""insert""]";"ready";"";"";"";"";"1";"";"";"";"";"";"";"";"";"";"";"";"";"";"";"";""
"112690.0588";"Sportarena";"Sports Arena";"ed-dc-leo";"88";"[""insert""]";"ready";"";"";"";"";"1";"";"";"";"";"";"";"";"";"";"";"";"";"";"";"";""
"112691.1912";"Mäder & Co. : Lagerhalle";"Mäder & Co. : Warehouse";"ed-dc-leo";"89";"[""insert""]";"ready";"";"";"";"";"1";"";"";"";"";"";"";"";"";"";"";"";"";"";"";"";""
"112692.3235";"Bauisolationen F. Kilcher AG";"Building Insulation F. Kilcher AG";"ed-dc-leo";"90";"[""insert""]";"ready";"";"";"";"";"1";"";"";"";"";"";"";"";"";"";"";"";"";"";"";"";""
"112693.4559";"Consulent-Bau AG : Früchte- und Fleischkühlhäuser";"Consulent-Bau AG : Fruit and Meat Cool Houses";"ed-dc-leo";"91";"[""insert""]";"ready";"";"";"";"";"1";"";"";"";"";"";"";"";"";"";"";"";"";"";"";"";""
"112694.5882";"Schwimmbad Morges";"Morges Swimming Pool";"ed-dc-leo";"92";"[""insert""]";"ready";"";"";"";"";"1";"";"";"";"";"";"";"";"";"";"";"";"";"";"";"";""
"112695.7206";"Haus + Herd, Industrie";"House + Stove, Industry";"ed-dc-leo";"93";"[""insert""]";"ready";"";"";"";"";"1";"";"";"";"";"";"";"";"";"";"";"";"";"";"";"";""
"112696.8529";"Garage Senn";"Garage Senn";"ed-dc-leo";"94";"[""insert""]";"ready";"";"";"";"";"1";"";"";"";"";"";"";"";"";"";"";"";"";"";"";"";""
"112697.9853";"Hotel Anfi del Mar";"Hotel Anfi del Mar";"ed-dc-leo";"95";"[""insert""]";"ready";"";"";"";"";"1";"";"";"";"";"";"";"";"";"";"";"";"";"";"";"";""
"112699.1176";"Kunst und Medienzentrum Rheinhafen GmbH : Der Neue Zollhof : Fassade Düsseldorf";"Art and Media Center Rheinhafen GmbH : The Neue Zollhof : Facade Düsseldorf";"ed-dc-leo";"96";"[""insert""]";"ready";"";"";"";"";"1";"";"";"";"";"";"";"";"";"";"";"";"";"";"";"";""
"112700.25";"Schweizer Armee : Geh- und Karrensteg";"Swiss Army : Walkway and Cart Bridge";"ed-dc-leo";"97";"[""insert""]";"ready";"";"";"";"";"1";"";"";"";"";"";"";"";"";"";"";"";"";"";"";"";""
"112701.3824";"Trickler Schaumstoff";"Trickler Foam";"ed-dc-leo";"98";"[""insert""]";"ready";"";"";"";"";"1";"";"";"";"";"";"";"";"";"";"";"";"";"";"";"";""
"112702.5147";"HIB : JPA Nelissen : Universal Sporthalle Nr. 6 und 12";"HIB : Jpa Nelissen : Universal Sports Hall No. 6 and 12";"ed-dc-leo";"99";"[""insert""]";"ready";"";"";"";"";"1";"";"";"";"";"";"";"";"";"";"";"";"";"";"";"";""
{"control_fields_warning_shown":null,"match_existing":"_system_object_id","dest_field_row":0,"header_row":1,"action_chunk_size":10,"mapping":{"0":"_system_object_id","1":"oeu_nc_name","2":"oeu_nc_name","3":"_tags","custom_0":{},"custom_1":{"language":"de-DE","level":null,"use_for_path":false},"custom_2":{"language":"en-US","level":null,"use_for_path":false},"custom_3":{"field":"display_name","separator":","}},"objecttype":"oeu","_pool":{"_basetype":"pool","_path":[{"pool":{"_id":1,"name":{"de-DE":"Alle Pools","it-IT":"All pools (IT)","en-US":"All pools","es-ES":"Todos los pools"},"custom_data":{}},"_basetype":"pool"},{"pool":{"_id":3,"name":{"de-DE":"Reference Data","en-US":"Reference Data"},"_id_parent":1,"custom_data":{}},"_basetype":"pool"},{"pool":{"_id":90,"name":{"de-DE":"Generic","en-US":"Generic"},"_id_parent":3,"custom_data":{}},"_basetype":"pool"},{"pool":{"_id":91,"name":{"de-DE":"gta Institute","en-US":"gta Institute"},"_id_parent":90,"custom_data":{}},"_basetype":"pool"},{"pool":{"_id":92,"name":{"de-DE":"gta Archives","en-US":"gta Archives"},"_id_parent":91},"_basetype":"pool"}],"_has_acl":true,"_owner":{"_basetype":"user","user":{"frontend_language":"en-US","_id":1,"_generated_displayname":"Root","type":"system","login":"root","_version":6710}},"pool":{"description":{"de-DE":"the new home for generic references (excl. actors and places) produced by gta Archives","en-US":"the new home for generic references (excl. actors and places) produced by gta Archives"},"is_system_pool":false,"_id_parent":91,"created_timestamp":"2021-07-08T21:43:58Z","shortname":null,"name":{"de-DE":"gta Archives","en-US":"gta Archives"},"comment":null,"mapping_image_import":"parent","reference":null,"mapping_dc_export":"parent","mapping_image_export":"parent","contact":{"user":{"login":"vinegar","last_name":null,"house_number":"5","company":"ETH Zürich","type":"ldap","country":"Zürich","first_name":null,"department":"gta Archiv","last_updated_timestamp":"2023-06-22T07:12:51Z","search_languages":[],"frontend_language":"de-DE","address_supplement":null,"_primary_email":"alex.winiger@gta.arch.ethz.ch","phone":"044 633 24 26","postal_code":"8093","custom_data":{},"street":"Stefano-Franscini-Platz","frontend_prefs":{"webfrontend":{"show_languages_with_data":true,"search_type_selector":{"objecttypes":["ao","do","pm"],"pool_ids":[1,16,17,18,26,48]},"bi":{"0":281},"event":{"1":514,"2":207,"3":205,"4":740},"choice_table_id":28,"quick_access_open":true,"search_type_selector_bi":{"objecttypes":["bi"],"pool_ids":[1,3,30,90,91,92,93,94,95,96]},"loc":{"0":493,"1":35,"2":270},"search_type_selector_oeu":{"objecttypes":["oeu"],"pool_ids":[1,3,91,92]},"do":{"0":288,"1":378,"3":-69,"4":66,"6":-326,"7":358,"9":500},"search_popover_view_data":{"view_select":2,"view_data":{"result-standard":{"variant_layout":0,"variant_standard_info":1,"variant_tags":1,"variant_texts":1,"variant_poolinfo":1,"variant_result":2,"variant_info":0,"variant_format":0,"variant_system_object_id":1,"page_size":100},"result-text":{"variant_system_object_id":0,"variant_standard_info":1,"variant_tags":0,"variant_poolinfo":0,"variant_info":0,"page_size":100},"result-table":{"nested_page_size":5,"show_hierarchy":true,"page_size":100,"variant_card_size":0,"show_options":["standard"]},"result-table-v2":{"variant_opacity_copy_columns":0,"variant_result":0,"variant_show_copy_columns":0,"show_hierarchy":true,"page_size":100,"show_options":[]}}},"search_type_selector_ao":{"objecttypes":["ao"],"pool_ids":[1,16,17]},"search_popover_list_view_data":{"view_select":0,"view_data":{"result-list":{"nested_page_size":20,"show_hierarchy":false,"page_size":1000,"variant_card_size":0,"show_options":[]}}},"search_type_selector_dp":{"objecttypes":["dp"],"pool_ids":[1,57,60]},"search_main_view_data":{"view_select":2,"view_data":{"result-standard":{"variant_layout":2,"show_hierarchy":false,"variant_standard_info":1,"variant_tags":1,"variant_texts":1,"variant_poolinfo":0,"variant_result":2,"variant_info":1,"variant_format":1,"variant_system_object_id":0,"page_size":500},"result-text":{"variant_system_object_id":0,"show_hierarchy":false,"variant_standard_info":1,"variant_tags":0,"variant_poolinfo":0,"variant_info":0,"page_size":100},"result-table":{"nested_page_size":5,"page_size":10,"variant_card_size":0,"show_options":[]},"result-table-v2":{"variant_opacity_copy_columns":0,"variant_result":0,"variant_show_copy_columns":0,"show_hierarchy":true,"page_size":100,"show_options":[]}}},"search_type_selector_act":{"objecttypes":["act"],"pool_ids":[1,3,4,9,29,32,33,47,51,83,84,85,86,87,89,108]},"print_settings":{"isFlexibleHeight":false,"imageSize":100,"header_title":"gta Digital | Collections Management System","_layout":3,"printLowRes":false,"columns":3,"footer":"","header_subtitle":"","rows":4,"printMode":"standard","use_specific_mask":false,"pdf_template":{"ao":null},"mask":{"ao":"ao__all_fields"}},"search_type_selector_generic_source_new":{"objecttypes":["generic_source_new"],"pool_ids":[1,3,16,17,34]},"recognize_series":true,"dp":{"0":640,"2":401},"search_type_selector_act_matching_term_21":{"objecttypes":["act_matching_term_21"],"pool_ids":[1,3,4,29,32,33]},"theme":"ng","copied_from_user_id":21,"act":{"0":525,"1":366,"2":33,"3":128,"4":414,"5":219,"6":144},"search_type_selector_ac":{"objecttypes":["ac"],"pool_ids":[1,3,90,91,92]},"oeu":{"0":432,"1":69,"2":-127,"3":-24,"4":-331,"5":-1,"6":-94,"7":-61,"8":-19,"9":92,"10":-76,"11":-25,"12":-227,"13":171,"14":7},"search_type_selector_typology_shell":{"objecttypes":["typology_shell"],"pool_ids":[]},"search_type_selector_artwork":{"objecttypes":["artwork"],"pool_ids":[1,3,90,91,93]},"search_type_selector_loc":{"objecttypes":["loc"],"pool_ids":[1,3,30,97]},"ac":{"0":392,"1":300,"2":3756,"3":280,"4":566},"export.templates":{"templates":[],"version":2},"search_type_selector_pl":{"objecttypes":["pl"],"pool_ids":[1,3,4,40,45,61,62,63,65,67,68,69,70,71,72,74,78,79,80,81,82,98,99,103,105]},"search.main.filter":true,"pool_id":26,"ao":{"0":310,"1":97,"2":16,"3":-141,"4":-15,"5":-292,"6":1,"7":-45,"8":-96,"9":-40,"10":20,"11":-65,"12":6,"13":-13,"14":17,"15":1,"16":-156,"17":-100,"18":131,"19":64,"20":147,"21":52,"23":140},"search_type_selector_do":{"objecttypes":["do"],"pool_ids":[1,18,26]},"search_main_sort_data":{"_COMMONS":{"_standard":{"order":"ASC","key":"_1"}},"ao":{"ao.ao_nc_identifier":{"extra":true,"order":"ASC","key":"_1"}}},"search_list_view_data":{"view_select":1,"view_data":{"result-list":{"nested_page_size":20,"show_hierarchy":false,"page_size":1000,"variant_card_size":1,"show_options":[]},"result-table":{"nested_page_size":20,"show_hierarchy":true,"page_size":100,"variant_card_size":0,"show_options":["standard","tags"]},"result-table-v2":{"variant_opacity_copy_columns":0,"variant_result":0,"variant_show_copy_columns":0,"show_hierarchy":true,"page_size":100,"show_options":["_standard","_tags"]}}},"search_list_sort_data":{"ao":{"ao.ao_nc_identifier":{"extra":true,"order":"ASC","key":"_1"}},"oeu":{"oeu.oeu_nc_name":{"order":"ASC","key":"_1"}},"loc":{"loc.loc_name":{"order":"ASC","key":"_1"}},"act":{"_standard":{"order":"ASC","key":"_1"}},"do":{"do.do_nameclass_identifier_name_set":{"extra":true,"order":"ASC","key":"_2"},"do.do_nameclass_identifier_name_orig_exif":{"extra":true,"order":"ASC","key":"_1"},"do.do_meta_general_original_filename":{"order":"ASC","key":"_3"}}},"spellcheck":false,"search_popover_sort_data":{"ao":{"ao.ao_nc_identifier":{"extra":true,"order":"ASC","key":"_1"}},"loc":{"loc.loc_name":{"order":"ASC","key":"_1"}},"do":{"do.do_meta_general_original_filepath":{"order":"ASC","key":"_2"},"do.do_meta_general_original_filename":{"order":"ASC","key":"_1"}}},"pl":{"0":251,"1":520},"languages_user_selection":false}},"login_disabled":false,"_version":2430,"town":"Zürich","_generated_displayname":"Alex Winiger","created_timestamp":"2020-01-14T10:18:15Z","database_languages":[],"_id":29},"_emails":[{"use_for_login":false,"email":"alex.winiger@gta.arch.ethz.ch","is_primary":true,"send_email":true,"send_email_include_password":false,"requested_confirmation_date":null,"confirmed_date":null,"intended_primary":false,"use_for_email":true,"send_email_welcome_now":false}],"_collection_pin_codes":[],"_groups":[{"_automatic_auth":{"type":"ldap","timestamp":"2023-06-22T07:12:51Z"},"group":{"type":"easydb","reference":null,"_id":19,"name":"arch-gta-archiv","displayname":{"de-DE":"gta Archiv","en-US":"gta Archives"}},"_basetype":"group"},{"_automatic_auth":{"type":"ldap","timestamp":"2023-06-22T07:12:51Z"},"group":{"type":"easydb","reference":null,"_id":20,"name":"arch-gta","displayname":{"de-DE":"gta Institute","en-US":"gta Institut"}},"_basetype":"group"},{"group":{"type":"easydb","reference":"gta-collections-administrators","_id":28,"name":"gta-collections-administrators","displayname":{"de-DE":"gta Collections | Administrators","en-US":"gta Collections | Administrators"}},"_basetype":"group"},{"group":{"type":"easydb","reference":"gta-archhives-digital-production","_id":30,"name":"gta-archhives-digital-production","displayname":{"de-DE":"gta Archive Digital Production","en-US":"gta Archive Digital Production"}},"_basetype":"group"}],"_basetype":"user"},"last_updated_timestamp":"2023-06-22T08:59:43Z","_id":92,"_version":7,"custom_data":{}},"_schema_version":329,"_has_children":false},"_pool_linked_objects":{"_basetype":"pool","_path":[{"pool":{"_id":1,"name":{"de-DE":"Alle Pools","it-IT":"All pools (IT)","en-US":"All pools","es-ES":"Todos los pools"},"custom_data":{}},"_basetype":"pool"},{"pool":{"_id":3,"name":{"de-DE":"Reference Data","en-US":"Reference Data"},"_id_parent":1,"custom_data":{}},"_basetype":"pool"},{"pool":{"_id":90,"name":{"de-DE":"Generic","en-US":"Generic"},"_id_parent":3,"custom_data":{}},"_basetype":"pool"},{"pool":{"_id":91,"name":{"de-DE":"gta Institute","en-US":"gta Institute"},"_id_parent":90,"custom_data":{}},"_basetype":"pool"},{"pool":{"_id":92,"name":{"de-DE":"gta Archives","en-US":"gta Archives"},"_id_parent":91},"_basetype":"pool"}],"_has_acl":true,"_owner":{"_basetype":"user","user":{"frontend_language":"en-US","_id":1,"_generated_displayname":"Root","type":"system","login":"root","_version":6710}},"pool":{"description":{"de-DE":"the new home for generic references (excl. actors and places) produced by gta Archives","en-US":"the new home for generic references (excl. actors and places) produced by gta Archives"},"is_system_pool":false,"_id_parent":91,"created_timestamp":"2021-07-08T21:43:58Z","shortname":null,"name":{"de-DE":"gta Archives","en-US":"gta Archives"},"comment":null,"mapping_image_import":"parent","reference":null,"mapping_dc_export":"parent","mapping_image_export":"parent","contact":{"user":{"login":"vinegar","last_name":null,"house_number":"5","company":"ETH Zürich","type":"ldap","country":"Zürich","first_name":null,"department":"gta Archiv","last_updated_timestamp":"2023-06-22T07:12:51Z","search_languages":[],"frontend_language":"de-DE","address_supplement":null,"_primary_email":"alex.winiger@gta.arch.ethz.ch","phone":"044 633 24 26","postal_code":"8093","custom_data":{},"street":"Stefano-Franscini-Platz","frontend_prefs":{"webfrontend":{"show_languages_with_data":true,"search_type_selector":{"objecttypes":["ao","do","pm"],"pool_ids":[1,16,17,18,26,48]},"bi":{"0":281},"event":{"1":514,"2":207,"3":205,"4":740},"choice_table_id":28,"quick_access_open":true,"search_type_selector_bi":{"objecttypes":["bi"],"pool_ids":[1,3,30,90,91,92,93,94,95,96]},"loc":{"0":493,"1":35,"2":270},"search_type_selector_oeu":{"objecttypes":["oeu"],"pool_ids":[1,3,91,92]},"do":{"0":288,"1":378,"3":-69,"4":66,"6":-326,"7":358,"9":500},"search_popover_view_data":{"view_select":2,"view_data":{"result-standard":{"variant_layout":0,"variant_standard_info":1,"variant_tags":1,"variant_texts":1,"variant_poolinfo":1,"variant_result":2,"variant_info":0,"variant_format":0,"variant_system_object_id":1,"page_size":100},"result-text":{"variant_system_object_id":0,"variant_standard_info":1,"variant_tags":0,"variant_poolinfo":0,"variant_info":0,"page_size":100},"result-table":{"nested_page_size":5,"show_hierarchy":true,"page_size":100,"variant_card_size":0,"show_options":["standard"]},"result-table-v2":{"variant_opacity_copy_columns":0,"variant_result":0,"variant_show_copy_columns":0,"show_hierarchy":true,"page_size":100,"show_options":[]}}},"search_type_selector_ao":{"objecttypes":["ao"],"pool_ids":[1,16,17]},"search_popover_list_view_data":{"view_select":0,"view_data":{"result-list":{"nested_page_size":20,"show_hierarchy":false,"page_size":1000,"variant_card_size":0,"show_options":[]}}},"search_type_selector_dp":{"objecttypes":["dp"],"pool_ids":[1,57,60]},"search_main_view_data":{"view_select":2,"view_data":{"result-standard":{"variant_layout":2,"show_hierarchy":false,"variant_standard_info":1,"variant_tags":1,"variant_texts":1,"variant_poolinfo":0,"variant_result":2,"variant_info":1,"variant_format":1,"variant_system_object_id":0,"page_size":500},"result-text":{"variant_system_object_id":0,"show_hierarchy":false,"variant_standard_info":1,"variant_tags":0,"variant_poolinfo":0,"variant_info":0,"page_size":100},"result-table":{"nested_page_size":5,"page_size":10,"variant_card_size":0,"show_options":[]},"result-table-v2":{"variant_opacity_copy_columns":0,"variant_result":0,"variant_show_copy_columns":0,"show_hierarchy":true,"page_size":100,"show_options":[]}}},"search_type_selector_act":{"objecttypes":["act"],"pool_ids":[1,3,4,9,29,32,33,47,51,83,84,85,86,87,89,108]},"print_settings":{"isFlexibleHeight":false,"imageSize":100,"header_title":"gta Digital | Collections Management System","_layout":3,"printLowRes":false,"columns":3,"footer":"","header_subtitle":"","rows":4,"printMode":"standard","use_specific_mask":false,"pdf_template":{"ao":null},"mask":{"ao":"ao__all_fields"}},"search_type_selector_generic_source_new":{"objecttypes":["generic_source_new"],"pool_ids":[1,3,16,17,34]},"recognize_series":true,"dp":{"0":640,"2":401},"search_type_selector_act_matching_term_21":{"objecttypes":["act_matching_term_21"],"pool_ids":[1,3,4,29,32,33]},"theme":"ng","copied_from_user_id":21,"act":{"0":525,"1":366,"2":33,"3":128,"4":414,"5":219,"6":144},"search_type_selector_ac":{"objecttypes":["ac"],"pool_ids":[1,3,90,91,92]},"oeu":{"0":432,"1":69,"2":-127,"3":-24,"4":-331,"5":-1,"6":-94,"7":-61,"8":-19,"9":92,"10":-76,"11":-25,"12":-227,"13":171,"14":7},"search_type_selector_typology_shell":{"objecttypes":["typology_shell"],"pool_ids":[]},"search_type_selector_artwork":{"objecttypes":["artwork"],"pool_ids":[1,3,90,91,93]},"search_type_selector_loc":{"objecttypes":["loc"],"pool_ids":[1,3,30,97]},"ac":{"0":392,"1":300,"2":3756,"3":280,"4":566},"export.templates":{"templates":[],"version":2},"search_type_selector_pl":{"objecttypes":["pl"],"pool_ids":[1,3,4,40,45,61,62,63,65,67,68,69,70,71,72,74,78,79,80,81,82,98,99,103,105]},"search.main.filter":true,"pool_id":26,"ao":{"0":310,"1":97,"2":16,"3":-141,"4":-15,"5":-292,"6":1,"7":-45,"8":-96,"9":-40,"10":20,"11":-65,"12":6,"13":-13,"14":17,"15":1,"16":-156,"17":-100,"18":131,"19":64,"20":147,"21":52,"23":140},"search_type_selector_do":{"objecttypes":["do"],"pool_ids":[1,18,26]},"search_main_sort_data":{"_COMMONS":{"_standard":{"order":"ASC","key":"_1"}},"ao":{"ao.ao_nc_identifier":{"extra":true,"order":"ASC","key":"_1"}}},"search_list_view_data":{"view_select":1,"view_data":{"result-list":{"nested_page_size":20,"show_hierarchy":false,"page_size":1000,"variant_card_size":1,"show_options":[]},"result-table":{"nested_page_size":20,"show_hierarchy":true,"page_size":100,"variant_card_size":0,"show_options":["standard","tags"]},"result-table-v2":{"variant_opacity_copy_columns":0,"variant_result":0,"variant_show_copy_columns":0,"show_hierarchy":true,"page_size":100,"show_options":["_standard","_tags"]}}},"search_list_sort_data":{"ao":{"ao.ao_nc_identifier":{"extra":true,"order":"ASC","key":"_1"}},"oeu":{"oeu.oeu_nc_name":{"order":"ASC","key":"_1"}},"loc":{"loc.loc_name":{"order":"ASC","key":"_1"}},"act":{"_standard":{"order":"ASC","key":"_1"}},"do":{"do.do_nameclass_identifier_name_set":{"extra":true,"order":"ASC","key":"_2"},"do.do_nameclass_identifier_name_orig_exif":{"extra":true,"order":"ASC","key":"_1"},"do.do_meta_general_original_filename":{"order":"ASC","key":"_3"}}},"spellcheck":false,"search_popover_sort_data":{"ao":{"ao.ao_nc_identifier":{"extra":true,"order":"ASC","key":"_1"}},"loc":{"loc.loc_name":{"order":"ASC","key":"_1"}},"do":{"do.do_meta_general_original_filepath":{"order":"ASC","key":"_2"},"do.do_meta_general_original_filename":{"order":"ASC","key":"_1"}}},"pl":{"0":251,"1":520},"languages_user_selection":false}},"login_disabled":false,"_version":2430,"town":"Zürich","_generated_displayname":"Alex Winiger","created_timestamp":"2020-01-14T10:18:15Z","database_languages":[],"_id":29},"_emails":[{"use_for_login":false,"email":"alex.winiger@gta.arch.ethz.ch","is_primary":true,"send_email":true,"send_email_include_password":false,"requested_confirmation_date":null,"confirmed_date":null,"intended_primary":false,"use_for_email":true,"send_email_welcome_now":false}],"_collection_pin_codes":[],"_groups":[{"_automatic_auth":{"type":"ldap","timestamp":"2023-06-22T07:12:51Z"},"group":{"type":"easydb","reference":null,"_id":19,"name":"arch-gta-archiv","displayname":{"de-DE":"gta Archiv","en-US":"gta Archives"}},"_basetype":"group"},{"_automatic_auth":{"type":"ldap","timestamp":"2023-06-22T07:12:51Z"},"group":{"type":"easydb","reference":null,"_id":20,"name":"arch-gta","displayname":{"de-DE":"gta Institute","en-US":"gta Institut"}},"_basetype":"group"},{"group":{"type":"easydb","reference":"gta-collections-administrators","_id":28,"name":"gta-collections-administrators","displayname":{"de-DE":"gta Collections | Administrators","en-US":"gta Collections | Administrators"}},"_basetype":"group"},{"group":{"type":"easydb","reference":"gta-archhives-digital-production","_id":30,"name":"gta-archhives-digital-production","displayname":{"de-DE":"gta Archive Digital Production","en-US":"gta Archive Digital Production"}},"_basetype":"group"}],"_basetype":"user"},"last_updated_timestamp":"2023-06-22T08:59:43Z","_id":92,"_version":7,"custom_data":{}},"_schema_version":329,"_has_children":false},"mask":"oeu__all_fields","comment":"migrate names to main data [ed-dc-leo/aw]","append_nested":false,"append_reverse_nested":false,"create_linked_objects":true,"id_mapping":null,"tags_mode":"tag_add"}
